USE MASTER
GO

--CREATE DATABASE G1
--GO

USE [G1]
GO

SET ANSI_NULLS ON
GO

SET QUOTED_IDENTIFIER ON
GO

CREATE TABLE [dbo].[LANG](
	[ID_LANG] [numeric](18, 0) NOT NULL,
	[LANG] [nvarchar](50) NULL,
 CONSTRAINT [PK_LANGUAGES] PRIMARY KEY CLUSTERED
(
	[ID_LANG] ASC
)WITH (PAD_INDEX = OFF, STATISTICS_NORECOMPUTE = OFF, IGNORE_DUP_KEY = OFF, ALLOW_ROW_LOCKS = ON, ALLOW_PAGE_LOCKS = ON) ON [PRIMARY]
) ON [PRIMARY]

GO


USE [G1]
GO

SET ANSI_NULLS ON
GO

SET QUOTED_IDENTIFIER ON
GO

CREATE TABLE [dbo].[MEMBER](
	[Id_MEMBER] [numeric](18, 0) IDENTITY(1,1) NOT NULL,
	[U_NAME] [nvarchar](25) NULL,
	[U_SURNAME] [nvarchar](25) NULL,
	[LOCATION] [nvarchar](100) NULL,
	[PHONE] [nvarchar](20) NULL,
 CONSTRAINT [PK_MEMBERS] PRIMARY KEY CLUSTERED
(
	[Id_MEMBER] ASC
)WITH (PAD_INDEX = OFF, STATISTICS_NORECOMPUTE = OFF, IGNORE_DUP_KEY = OFF, ALLOW_ROW_LOCKS = ON, ALLOW_PAGE_LOCKS = ON) ON [PRIMARY]
) ON [PRIMARY]

GO


SET ANSI_NULLS ON
GO

SET QUOTED_IDENTIFIER ON
GO

CREATE TABLE [dbo].[MOVIE](
	[TITLE] [nvarchar](25) NULL,
	[SHELF] [numeric](18, 0) NULL,
	[L_ID_LANG] [numeric](18, 0) NULL,
	[ID_MOVIE] [numeric](18, 0) IDENTITY(1,1) NOT NULL,
 CONSTRAINT [PK_MOVIES] PRIMARY KEY CLUSTERED
(
	[ID_MOVIE] ASC
)WITH (PAD_INDEX = OFF, STATISTICS_NORECOMPUTE = OFF, IGNORE_DUP_KEY = OFF, ALLOW_ROW_LOCKS = ON, ALLOW_PAGE_LOCKS = ON) ON [PRIMARY]
) ON [PRIMARY]

GO


USE [G1]
GO


SET ANSI_NULLS ON
GO

SET QUOTED_IDENTIFIER ON
GO

CREATE TABLE [dbo].[MORDER](
	[M_ID_MEMBER] [numeric](18, 0) NOT NULL,
	[m_ID_movie] [numeric](18, 0) NOT NULL,
	[Date_order] [datetime] NULL,
	[ID_order] [numeric](18, 0) IDENTITY(1,1) NOT NULL,
 CONSTRAINT [PK_ORDERS] PRIMARY KEY CLUSTERED
(
	[ID_order] ASC
)WITH (PAD_INDEX = OFF, STATISTICS_NORECOMPUTE = OFF, IGNORE_DUP_KEY = OFF, ALLOW_ROW_LOCKS = ON, ALLOW_PAGE_LOCKS = ON) ON [PRIMARY]
) ON [PRIMARY]

GO

ALTER TABLE [dbo].[MOVIE]  WITH CHECK ADD  CONSTRAINT [FK_MOVIES_LANG] FOREIGN KEY([L_ID_LANG])
REFERENCES [dbo].[LANG] ([ID_LANG])
GO

ALTER TABLE [dbo].[MOVIE] CHECK CONSTRAINT [FK_MOVIES_LANG]
GO

ALTER TABLE [dbo].[MORDER]  WITH CHECK ADD  CONSTRAINT [FK_MORDER_MOVIE] FOREIGN KEY([m_ID_movie])
REFERENCES [dbo].[MOVIE] ([ID_MOVIE])
GO

ALTER TABLE [dbo].[MORDER] CHECK CONSTRAINT [FK_MORDER_MOVIE]
GO

ALTER TABLE [dbo].[MORDER]  WITH CHECK ADD  CONSTRAINT [FK_ORDERS_MEMBER] FOREIGN KEY([M_ID_MEMBER])
REFERENCES [dbo].[MEMBER] ([Id_MEMBER])
GO

ALTER TABLE [dbo].[MORDER] CHECK CONSTRAINT [FK_ORDERS_MEMBER]
GO



/* INSERT DATA */


USE [G1]
GO

INSERT INTO G1.dbo.LANG (ID_LANG, LANG) VALUES (1, N'MACEDONIAN');
INSERT INTO G1.dbo.LANG (ID_LANG, LANG) VALUES (2, N'ENGLISH');
INSERT INTO G1.dbo.LANG (ID_LANG, LANG) VALUES (3, N'SERBIAN');
INSERT INTO G1.dbo.LANG (ID_LANG, LANG) VALUES (4, N'GERMAN');
INSERT INTO G1.dbo.LANG (ID_LANG, LANG) VALUES (9, N'POLISH');
INSERT INTO G1.dbo.LANG (ID_LANG, LANG) VALUES (5, N'BULGARIAN');
INSERT INTO G1.dbo.LANG (ID_LANG, LANG) VALUES (6, N'ALBANIAN');
INSERT INTO G1.dbo.LANG (ID_LANG, LANG) VALUES (7, N'SLOVAKIAN');
INSERT INTO G1.dbo.LANG (ID_LANG, LANG) VALUES (8, N'SPANISH');


SET IDENTITY_INSERT dbo.MEMBER ON;
GO

INSERT INTO G1.dbo.MEMBER (Id_MEMBER, U_NAME, U_SURNAME, LOCATION, PHONE) VALUES (1, N'Katerina', N'Krsteva', N'Skopje', N'1231231');
INSERT INTO G1.dbo.MEMBER (Id_MEMBER, U_NAME, U_SURNAME, LOCATION, PHONE) VALUES (2, N'Petar', N'Antevski', N'Skopje', N'34535');
INSERT INTO G1.dbo.MEMBER (Id_MEMBER, U_NAME, U_SURNAME, LOCATION, PHONE) VALUES (3, N'Anastasija', N'Simonovska', N'Asnom 12/4', null);
INSERT INTO G1.dbo.MEMBER (Id_MEMBER, U_NAME, U_SURNAME, LOCATION, PHONE) VALUES (4, N'Aleksandar', N'Nikolovski', N'Kuzman Josifovski Pitu 4', N'070 435421');
INSERT INTO G1.dbo.MEMBER (Id_MEMBER, U_NAME, U_SURNAME, LOCATION, PHONE) VALUES (5, N'Kosta', N'Mickovski', N'16ta Makedonska Brigada 10 5/1 100', N'078227116');
INSERT INTO G1.dbo.MEMBER (Id_MEMBER, U_NAME, U_SURNAME, LOCATION, PHONE) VALUES (6, N'Administrator', null, null, null);
INSERT INTO G1.dbo.MEMBER (Id_MEMBER, U_NAME, U_SURNAME, LOCATION, PHONE) VALUES (7, N'Ivona', N'Kimova', null, null);
INSERT INTO G1.dbo.MEMBER (Id_MEMBER, U_NAME, U_SURNAME, LOCATION, PHONE) VALUES (8, N'Marina', N'Kostoska', N'Dimo Gavroski Kara 2a', N'044-350-900');
INSERT INTO G1.dbo.MEMBER (Id_MEMBER, U_NAME, U_SURNAME, LOCATION, PHONE) VALUES (9, N'Blagoja', N'Bogeski', N'Prashka 30 1000 Skopje', N'38975242040');
INSERT INTO G1.dbo.MEMBER (Id_MEMBER, U_NAME, U_SURNAME, LOCATION, PHONE) VALUES (10, N'Dejan', N'Kostoski', N'Jurij Gagarin 43 1/2 1000 Skopje', N'023084925');
INSERT INTO G1.dbo.MEMBER (Id_MEMBER, U_NAME, U_SURNAME, LOCATION, PHONE) VALUES (11, N'Daniel', N'Gjorgievski', N'Engelsova 7/24 2000 Stip', N'38970971657');
INSERT INTO G1.dbo.MEMBER (Id_MEMBER, U_NAME, U_SURNAME, LOCATION, PHONE) VALUES (12, N'Venko', N'Muratovski', N'Drezdenska 22 1000 Skopje', null);
INSERT INTO G1.dbo.MEMBER (Id_MEMBER, U_NAME, U_SURNAME, LOCATION, PHONE) VALUES (13, N'Misko', N'Misev', N'Femo Kulakov 68 1440 Negotino', null);
INSERT INTO G1.dbo.MEMBER (Id_MEMBER, U_NAME, U_SURNAME, LOCATION, PHONE) VALUES (14, N'Tanja', N'Chacharova Ilievska', N'Naroden Front 19/2-24 1000 Skopje', null);
INSERT INTO G1.dbo.MEMBER (Id_MEMBER, U_NAME, U_SURNAME, LOCATION, PHONE) VALUES (15, N'Sasko', N'Malinov', N'Slavko Gjorgjiev Svatot 8/1-14', N'sasko_malinov@yahoo.');
INSERT INTO G1.dbo.MEMBER (Id_MEMBER, U_NAME, U_SURNAME, LOCATION, PHONE) VALUES (16, N'Aleksandar', N'Todorovski ', N'Ruen 11 2300 Kocani ', null);
INSERT INTO G1.dbo.MEMBER (Id_MEMBER, U_NAME, U_SURNAME, LOCATION, PHONE) VALUES (17, N'Sveto', N'Jankulovski ', N'1000 Skopje ', N'3067060');
INSERT INTO G1.dbo.MEMBER (Id_MEMBER, U_NAME, U_SURNAME, LOCATION, PHONE) VALUES (18, N'Biljana', N'Kareska ', N'Dame Gruev 7/6 - 10', N'023239255');
INSERT INTO G1.dbo.MEMBER (Id_MEMBER, U_NAME, U_SURNAME, LOCATION, PHONE) VALUES (19, N'Ana', N'Ivanova ', N'Marsal Tito 174 2420 Radovis', null);
INSERT INTO G1.dbo.MEMBER (Id_MEMBER, U_NAME, U_SURNAME, LOCATION, PHONE) VALUES (20, N'Tatjana', N'Simonovska ', N'Kej 8mi Septemvri 46 2420 Radovis', null);
INSERT INTO G1.dbo.MEMBER (Id_MEMBER, U_NAME, U_SURNAME, LOCATION, PHONE) VALUES (21, N'Zvonko', null, null, null);
INSERT INTO G1.dbo.MEMBER (Id_MEMBER, U_NAME, U_SURNAME, LOCATION, PHONE) VALUES (22, N'Zhane', null, null, null);
INSERT INTO G1.dbo.MEMBER (Id_MEMBER, U_NAME, U_SURNAME, LOCATION, PHONE) VALUES (23, N'Jovica', N'Cvetkovski', null, null);
INSERT INTO G1.dbo.MEMBER (Id_MEMBER, U_NAME, U_SURNAME, LOCATION, PHONE) VALUES (24, N'Zoran', N'Dinov', null, null);
INSERT INTO G1.dbo.MEMBER (Id_MEMBER, U_NAME, U_SURNAME, LOCATION, PHONE) VALUES (25, N'Suzana', N'Nechovska', N'ul.Kukus 18', N'047 294 386');
INSERT INTO G1.dbo.MEMBER (Id_MEMBER, U_NAME, U_SURNAME, LOCATION, PHONE) VALUES (26, N'Marko', N'Gligorovski', N'ul.Anri Barbis 14b', N'022535274');
INSERT INTO G1.dbo.MEMBER (Id_MEMBER, U_NAME, U_SURNAME, LOCATION, PHONE) VALUES (27, N'Vladimir', N'Iliev', null, null);
INSERT INTO G1.dbo.MEMBER (Id_MEMBER, U_NAME, U_SURNAME, LOCATION, PHONE) VALUES (28, N'Bobi', N'Petkovski', null, null);
INSERT INTO G1.dbo.MEMBER (Id_MEMBER, U_NAME, U_SURNAME, LOCATION, PHONE) VALUES (29, N'Vladimir', N'Velichkovski', null, null);
INSERT INTO G1.dbo.MEMBER (Id_MEMBER, U_NAME, U_SURNAME, LOCATION, PHONE) VALUES (30, N'Tomislav', N'Trajkov', N'Makedonska 83', null);
INSERT INTO G1.dbo.MEMBER (Id_MEMBER, U_NAME, U_SURNAME, LOCATION, PHONE) VALUES (31, N'Aleksandar', N'Gjorgjievski', N'Alekso Deminievski 25 Skopje', null);
INSERT INTO G1.dbo.MEMBER (Id_MEMBER, U_NAME, U_SURNAME, LOCATION, PHONE) VALUES (32, N'Igor', N'Gjorich', null, null);
INSERT INTO G1.dbo.MEMBER (Id_MEMBER, U_NAME, U_SURNAME, LOCATION, PHONE) VALUES (33, N'Dragan', N'Dejkovich', null, null);
INSERT INTO G1.dbo.MEMBER (Id_MEMBER, U_NAME, U_SURNAME, LOCATION, PHONE) VALUES (34, N'Bojan', N'Gjorich', null, null);
INSERT INTO G1.dbo.MEMBER (Id_MEMBER, U_NAME, U_SURNAME, LOCATION, PHONE) VALUES (35, N'Rado', N'Jurca', null, null);
INSERT INTO G1.dbo.MEMBER (Id_MEMBER, U_NAME, U_SURNAME, LOCATION, PHONE) VALUES (36, N'Zhivko', N'Chejich', null, null);
INSERT INTO G1.dbo.MEMBER (Id_MEMBER, U_NAME, U_SURNAME, LOCATION, PHONE) VALUES (37, N'Velimir', N'Ilich', null, null);
INSERT INTO G1.dbo.MEMBER (Id_MEMBER, U_NAME, U_SURNAME, LOCATION, PHONE) VALUES (38, N'Gordana', N'Nedimovich', null, null);
INSERT INTO G1.dbo.MEMBER (Id_MEMBER, U_NAME, U_SURNAME, LOCATION, PHONE) VALUES (39, N'Gjorgje', N'Protich', null, null);
INSERT INTO G1.dbo.MEMBER (Id_MEMBER, U_NAME, U_SURNAME, LOCATION, PHONE) VALUES (40, N'Bato', null, null, null);
INSERT INTO G1.dbo.MEMBER (Id_MEMBER, U_NAME, U_SURNAME, LOCATION, PHONE) VALUES (41, N'Ilija', null, null, null);
INSERT INTO G1.dbo.MEMBER (Id_MEMBER, U_NAME, U_SURNAME, LOCATION, PHONE) VALUES (42, N'Aleksandar B', N'Aleksandar B', null, null);
INSERT INTO G1.dbo.MEMBER (Id_MEMBER, U_NAME, U_SURNAME, LOCATION, PHONE) VALUES (43, N'Sara', N'Kosanovich', null, null);
INSERT INTO G1.dbo.MEMBER (Id_MEMBER, U_NAME, U_SURNAME, LOCATION, PHONE) VALUES (44, N'Bato Sara', N'Bato Sara', null, null);
INSERT INTO G1.dbo.MEMBER (Id_MEMBER, U_NAME, U_SURNAME, LOCATION, PHONE) VALUES (45, N'Ana', N'Mirchevska', N'Tome Arsovski 22/6', null);
INSERT INTO G1.dbo.MEMBER (Id_MEMBER, U_NAME, U_SURNAME, LOCATION, PHONE) VALUES (46, N'Emilija', N'Ali', N'Bul''''V.S.Bato', N'02/2431-345');
INSERT INTO G1.dbo.MEMBER (Id_MEMBER, U_NAME, U_SURNAME, LOCATION, PHONE) VALUES (47, N'Julijana', N'Jancheva', N'Janse Sandanski 10', null);
INSERT INTO G1.dbo.MEMBER (Id_MEMBER, U_NAME, U_SURNAME, LOCATION, PHONE) VALUES (48, N'Bogdan', N'Todorovski', null, null);
INSERT INTO G1.dbo.MEMBER (Id_MEMBER, U_NAME, U_SURNAME, LOCATION, PHONE) VALUES (49, N'Velika', N'Stojkovska', null, null);
INSERT INTO G1.dbo.MEMBER (Id_MEMBER, U_NAME, U_SURNAME, LOCATION, PHONE) VALUES (50, N'Meri', N'Nikoloska', null, null);
INSERT INTO G1.dbo.MEMBER (Id_MEMBER, U_NAME, U_SURNAME, LOCATION, PHONE) VALUES (51, N'Tanja', N'Popovska', null, null);
INSERT INTO G1.dbo.MEMBER (Id_MEMBER, U_NAME, U_SURNAME, LOCATION, PHONE) VALUES (52, N'Dragica', N'Ivandzikova', null, null);
INSERT INTO G1.dbo.MEMBER (Id_MEMBER, U_NAME, U_SURNAME, LOCATION, PHONE) VALUES (53, N'Anche', N'Dambova', null, null);
INSERT INTO G1.dbo.MEMBER (Id_MEMBER, U_NAME, U_SURNAME, LOCATION, PHONE) VALUES (54, N'Vaska', N'Stevceva', null, null);
INSERT INTO G1.dbo.MEMBER (Id_MEMBER, U_NAME, U_SURNAME, LOCATION, PHONE) VALUES (55, N'Kosta', N'Gocev', N'MARSAL TITO BB RADOVIS', N'032631146');
INSERT INTO G1.dbo.MEMBER (Id_MEMBER, U_NAME, U_SURNAME, LOCATION, PHONE) VALUES (56, N'Zoran', N'Stojanov', null, null);
INSERT INTO G1.dbo.MEMBER (Id_MEMBER, U_NAME, U_SURNAME, LOCATION, PHONE) VALUES (57, N'Blagoja', N'Pavlovski', N'Gorgi Sugare 8-4/10', N'+38922719020');
INSERT INTO G1.dbo.MEMBER (Id_MEMBER, U_NAME, U_SURNAME, LOCATION, PHONE) VALUES (58, N'Emilija', N'Davcevska', null, null);
INSERT INTO G1.dbo.MEMBER (Id_MEMBER, U_NAME, U_SURNAME, LOCATION, PHONE) VALUES (59, N'Aleksandar', N'Atanasovski', null, null);
INSERT INTO G1.dbo.MEMBER (Id_MEMBER, U_NAME, U_SURNAME, LOCATION, PHONE) VALUES (60, N'Julija', N'Koleva', N'Leninska 42 2420 Radovis', null);
INSERT INTO G1.dbo.MEMBER (Id_MEMBER, U_NAME, U_SURNAME, LOCATION, PHONE) VALUES (61, N'Darko', N'Gorgievski', N'Isaija Manovski 40/4-7 1000 Skopje', null);
INSERT INTO G1.dbo.MEMBER (Id_MEMBER, U_NAME, U_SURNAME, LOCATION, PHONE) VALUES (62, N'Ljuben', N'Spirkoski', null, null);
INSERT INTO G1.dbo.MEMBER (Id_MEMBER, U_NAME, U_SURNAME, LOCATION, PHONE) VALUES (63, N'Robert', N'Gacovski', N'Velko Vlahovikj 36/16 2220 St.Nikole ', null);
INSERT INTO G1.dbo.MEMBER (Id_MEMBER, U_NAME, U_SURNAME, LOCATION, PHONE) VALUES (64, N'Slavica', N'Sazdova', N'Indira Gandi 18', N'032-442-215');
INSERT INTO G1.dbo.MEMBER (Id_MEMBER, U_NAME, U_SURNAME, LOCATION, PHONE) VALUES (65, N'eee', N'rwqrq', null, null);
INSERT INTO G1.dbo.MEMBER (Id_MEMBER, U_NAME, U_SURNAME, LOCATION, PHONE) VALUES (66, N'a', null, null, null);
INSERT INTO G1.dbo.MEMBER (Id_MEMBER, U_NAME, U_SURNAME, LOCATION, PHONE) VALUES (67, N'e', null, null, null);
INSERT INTO G1.dbo.MEMBER (Id_MEMBER, U_NAME, U_SURNAME, LOCATION, PHONE) VALUES (68, N'i', null, null, null);
INSERT INTO G1.dbo.MEMBER (Id_MEMBER, U_NAME, U_SURNAME, LOCATION, PHONE) VALUES (69, N'xxx', null, null, null);
INSERT INTO G1.dbo.MEMBER (Id_MEMBER, U_NAME, U_SURNAME, LOCATION, PHONE) VALUES (70, N'uioio', null, null, null);
INSERT INTO G1.dbo.MEMBER (Id_MEMBER, U_NAME, U_SURNAME, LOCATION, PHONE) VALUES (71, N'tester', null, null, null);
INSERT INTO G1.dbo.MEMBER (Id_MEMBER, U_NAME, U_SURNAME, LOCATION, PHONE) VALUES (72, N'tester', null, null, null);
INSERT INTO G1.dbo.MEMBER (Id_MEMBER, U_NAME, U_SURNAME, LOCATION, PHONE) VALUES (73, N'Natasha', N'Milenovikj', null, N'070399613');

SET IDENTITY_INSERT dbo.MEMBER OFF;
GO


SET IDENTITY_INSERT dbo.MOVIE ON;
GO


INSERT INTO G1.dbo.MOVIE (TITLE, SHELF, L_ID_LANG, ID_MOVIE) VALUES (N'Shrek', 1, 3, 1);
INSERT INTO G1.dbo.MOVIE (TITLE, SHELF, L_ID_LANG, ID_MOVIE) VALUES (N'Brotherhood of the Wolf', 1, 3, 2);
INSERT INTO G1.dbo.MOVIE (TITLE, SHELF, L_ID_LANG, ID_MOVIE) VALUES (N'Mission Impossible 2', 1, 1, 3);
INSERT INTO G1.dbo.MOVIE (TITLE, SHELF, L_ID_LANG, ID_MOVIE) VALUES (N'Signs', 1, 4, 4);
INSERT INTO G1.dbo.MOVIE (TITLE, SHELF, L_ID_LANG, ID_MOVIE) VALUES (N'Final Fantasy: Spirits Wi', 1, 4, 5);
INSERT INTO G1.dbo.MOVIE (TITLE, SHELF, L_ID_LANG, ID_MOVIE) VALUES (N'Meet the Parents', 1, 2, 6);
INSERT INTO G1.dbo.MOVIE (TITLE, SHELF, L_ID_LANG, ID_MOVIE) VALUES (N'The Shining', 1, 1, 7);
INSERT INTO G1.dbo.MOVIE (TITLE, SHELF, L_ID_LANG, ID_MOVIE) VALUES (N'The Rock', 1, 5, 8);
INSERT INTO G1.dbo.MOVIE (TITLE, SHELF, L_ID_LANG, ID_MOVIE) VALUES (N'Starship Troopers', 1, 5, 9);
INSERT INTO G1.dbo.MOVIE (TITLE, SHELF, L_ID_LANG, ID_MOVIE) VALUES (N'Road to Perdition', 1, 6, 10);
INSERT INTO G1.dbo.MOVIE (TITLE, SHELF, L_ID_LANG, ID_MOVIE) VALUES (N'Van Wilder', 1, 3, 11);
INSERT INTO G1.dbo.MOVIE (TITLE, SHELF, L_ID_LANG, ID_MOVIE) VALUES (N'Animal House', 1, 5, 12);
INSERT INTO G1.dbo.MOVIE (TITLE, SHELF, L_ID_LANG, ID_MOVIE) VALUES (N'Saw', 1, 2, 13);
INSERT INTO G1.dbo.MOVIE (TITLE, SHELF, L_ID_LANG, ID_MOVIE) VALUES (N'Back to the Future 1', 1, 5, 14);
INSERT INTO G1.dbo.MOVIE (TITLE, SHELF, L_ID_LANG, ID_MOVIE) VALUES (N'Back to the Future 2', 1, 1, 15);
INSERT INTO G1.dbo.MOVIE (TITLE, SHELF, L_ID_LANG, ID_MOVIE) VALUES (N'Back to the Future 3', 1, 3, 16);
INSERT INTO G1.dbo.MOVIE (TITLE, SHELF, L_ID_LANG, ID_MOVIE) VALUES (N'Bill and Teds Excellent A', 1, 4, 17);
INSERT INTO G1.dbo.MOVIE (TITLE, SHELF, L_ID_LANG, ID_MOVIE) VALUES (N'Battle Royale', 1, 6, 18);
INSERT INTO G1.dbo.MOVIE (TITLE, SHELF, L_ID_LANG, ID_MOVIE) VALUES (N'Monty Python: The Meaning', 1, 2, 19);
INSERT INTO G1.dbo.MOVIE (TITLE, SHELF, L_ID_LANG, ID_MOVIE) VALUES (N'Monty Python: The Quest f', 1, 1, 20);
INSERT INTO G1.dbo.MOVIE (TITLE, SHELF, L_ID_LANG, ID_MOVIE) VALUES (N'Monty Python: Life of Bri', 1, 3, 21);
INSERT INTO G1.dbo.MOVIE (TITLE, SHELF, L_ID_LANG, ID_MOVIE) VALUES (N'Johnny English', 1, 4, 22);
INSERT INTO G1.dbo.MOVIE (TITLE, SHELF, L_ID_LANG, ID_MOVIE) VALUES (N'Patriot Games', 1, 2, 23);
INSERT INTO G1.dbo.MOVIE (TITLE, SHELF, L_ID_LANG, ID_MOVIE) VALUES (N'Dr. Strangelove', 1, 1, 24);
INSERT INTO G1.dbo.MOVIE (TITLE, SHELF, L_ID_LANG, ID_MOVIE) VALUES (N'Casino', 1, 4, 25);
INSERT INTO G1.dbo.MOVIE (TITLE, SHELF, L_ID_LANG, ID_MOVIE) VALUES (N'The Abyss', 1, 3, 26);
INSERT INTO G1.dbo.MOVIE (TITLE, SHELF, L_ID_LANG, ID_MOVIE) VALUES (N'Anger Management', 1, 4, 27);
INSERT INTO G1.dbo.MOVIE (TITLE, SHELF, L_ID_LANG, ID_MOVIE) VALUES (N'Empire Records', 1, 3, 28);
INSERT INTO G1.dbo.MOVIE (TITLE, SHELF, L_ID_LANG, ID_MOVIE) VALUES (N'Zoolander', 1, 4, 29);
INSERT INTO G1.dbo.MOVIE (TITLE, SHELF, L_ID_LANG, ID_MOVIE) VALUES (N'The Ladies Man', 1, 5, 30);
INSERT INTO G1.dbo.MOVIE (TITLE, SHELF, L_ID_LANG, ID_MOVIE) VALUES (N'Enemy at the Gates', 1, 6, 31);
INSERT INTO G1.dbo.MOVIE (TITLE, SHELF, L_ID_LANG, ID_MOVIE) VALUES (N'Titan A.E.', 1, 5, 32);
INSERT INTO G1.dbo.MOVIE (TITLE, SHELF, L_ID_LANG, ID_MOVIE) VALUES (N'Orgazmo', 1, 5, 33);
INSERT INTO G1.dbo.MOVIE (TITLE, SHELF, L_ID_LANG, ID_MOVIE) VALUES (N'2001: A Space Odyssey', 1, 4, 34);
INSERT INTO G1.dbo.MOVIE (TITLE, SHELF, L_ID_LANG, ID_MOVIE) VALUES (N'Traffic', 1, 4, 35);
INSERT INTO G1.dbo.MOVIE (TITLE, SHELF, L_ID_LANG, ID_MOVIE) VALUES (N'American Psycho', 1, 6, 36);
INSERT INTO G1.dbo.MOVIE (TITLE, SHELF, L_ID_LANG, ID_MOVIE) VALUES (N'The Planet of the Apes', 1, 1, 37);
INSERT INTO G1.dbo.MOVIE (TITLE, SHELF, L_ID_LANG, ID_MOVIE) VALUES (N'8 Mile', 1, 5, 38);
INSERT INTO G1.dbo.MOVIE (TITLE, SHELF, L_ID_LANG, ID_MOVIE) VALUES (N'40 Days and 40 Nights', 1, 5, 39);
INSERT INTO G1.dbo.MOVIE (TITLE, SHELF, L_ID_LANG, ID_MOVIE) VALUES (N'13 Ghosts', 1, 2, 40);
INSERT INTO G1.dbo.MOVIE (TITLE, SHELF, L_ID_LANG, ID_MOVIE) VALUES (N'One Hour Photo', 1, 4, 41);
INSERT INTO G1.dbo.MOVIE (TITLE, SHELF, L_ID_LANG, ID_MOVIE) VALUES (N'Bond: Dr. No', 1, 2, 42);
INSERT INTO G1.dbo.MOVIE (TITLE, SHELF, L_ID_LANG, ID_MOVIE) VALUES (N'Goodfellows', 1, 1, 43);
INSERT INTO G1.dbo.MOVIE (TITLE, SHELF, L_ID_LANG, ID_MOVIE) VALUES (N'Top Gun', 1, 5, 44);
INSERT INTO G1.dbo.MOVIE (TITLE, SHELF, L_ID_LANG, ID_MOVIE) VALUES (N'American History X', 1, 6, 45);
INSERT INTO G1.dbo.MOVIE (TITLE, SHELF, L_ID_LANG, ID_MOVIE) VALUES (N'Rush Hour 2', 1, 6, 46);
INSERT INTO G1.dbo.MOVIE (TITLE, SHELF, L_ID_LANG, ID_MOVIE) VALUES (N'Robin Hood: Men in Tights', 1, 1, 47);
INSERT INTO G1.dbo.MOVIE (TITLE, SHELF, L_ID_LANG, ID_MOVIE) VALUES (N'The Usual Suspects', 1, 3, 48);
INSERT INTO G1.dbo.MOVIE (TITLE, SHELF, L_ID_LANG, ID_MOVIE) VALUES (N'American Pie', 1, 3, 49);
INSERT INTO G1.dbo.MOVIE (TITLE, SHELF, L_ID_LANG, ID_MOVIE) VALUES (N'Full Metal Jacket', 1, 5, 50);
INSERT INTO G1.dbo.MOVIE (TITLE, SHELF, L_ID_LANG, ID_MOVIE) VALUES (N'Hackers 2', 3, 1, 51);
INSERT INTO G1.dbo.MOVIE (TITLE, SHELF, L_ID_LANG, ID_MOVIE) VALUES (N'The Wedding Singer', 3, 5, 52);
INSERT INTO G1.dbo.MOVIE (TITLE, SHELF, L_ID_LANG, ID_MOVIE) VALUES (N'Silence of the Lambs', 3, 3, 53);
INSERT INTO G1.dbo.MOVIE (TITLE, SHELF, L_ID_LANG, ID_MOVIE) VALUES (N'Terminator 2', 3, 3, 54);
INSERT INTO G1.dbo.MOVIE (TITLE, SHELF, L_ID_LANG, ID_MOVIE) VALUES (N'The Crow', 3, 4, 55);
INSERT INTO G1.dbo.MOVIE (TITLE, SHELF, L_ID_LANG, ID_MOVIE) VALUES (N'The Cell', 3, 1, 56);
INSERT INTO G1.dbo.MOVIE (TITLE, SHELF, L_ID_LANG, ID_MOVIE) VALUES (N'Tombstone', 3, 3, 57);
INSERT INTO G1.dbo.MOVIE (TITLE, SHELF, L_ID_LANG, ID_MOVIE) VALUES (N'Dare Devil', 3, 3, 58);
INSERT INTO G1.dbo.MOVIE (TITLE, SHELF, L_ID_LANG, ID_MOVIE) VALUES (N'Office Space', 3, 5, 59);
INSERT INTO G1.dbo.MOVIE (TITLE, SHELF, L_ID_LANG, ID_MOVIE) VALUES (N'Lock Stock and Two Smokin', 3, 5, 60);
INSERT INTO G1.dbo.MOVIE (TITLE, SHELF, L_ID_LANG, ID_MOVIE) VALUES (N'Don’t be a Menace to Sout', 3, 5, 61);
INSERT INTO G1.dbo.MOVIE (TITLE, SHELF, L_ID_LANG, ID_MOVIE) VALUES (N'Jaws', 3, 3, 62);
INSERT INTO G1.dbo.MOVIE (TITLE, SHELF, L_ID_LANG, ID_MOVIE) VALUES (N'Clerks', 3, 3, 63);
INSERT INTO G1.dbo.MOVIE (TITLE, SHELF, L_ID_LANG, ID_MOVIE) VALUES (N'Labyrinth', 3, 3, 64);
INSERT INTO G1.dbo.MOVIE (TITLE, SHELF, L_ID_LANG, ID_MOVIE) VALUES (N'100 Girls', 3, 3, 65);
INSERT INTO G1.dbo.MOVIE (TITLE, SHELF, L_ID_LANG, ID_MOVIE) VALUES (N'Seven', 3, 5, 66);
INSERT INTO G1.dbo.MOVIE (TITLE, SHELF, L_ID_LANG, ID_MOVIE) VALUES (N'The Transporter', 3, 5, 67);
INSERT INTO G1.dbo.MOVIE (TITLE, SHELF, L_ID_LANG, ID_MOVIE) VALUES (N'The Laramie Project', 3, 5, 68);
INSERT INTO G1.dbo.MOVIE (TITLE, SHELF, L_ID_LANG, ID_MOVIE) VALUES (N'PI', 3, 2, 69);
INSERT INTO G1.dbo.MOVIE (TITLE, SHELF, L_ID_LANG, ID_MOVIE) VALUES (N'Cube 2: Hypercube', 3, 4, 70);
INSERT INTO G1.dbo.MOVIE (TITLE, SHELF, L_ID_LANG, ID_MOVIE) VALUES (N'Vanilla Sky', 2, 3, 71);
INSERT INTO G1.dbo.MOVIE (TITLE, SHELF, L_ID_LANG, ID_MOVIE) VALUES (N'Pulp Fiction', 2, 4, 72);
INSERT INTO G1.dbo.MOVIE (TITLE, SHELF, L_ID_LANG, ID_MOVIE) VALUES (N'Knockaround Guys', 2, 5, 73);
INSERT INTO G1.dbo.MOVIE (TITLE, SHELF, L_ID_LANG, ID_MOVIE) VALUES (N'The Southerner', 2, 3, 74);
INSERT INTO G1.dbo.MOVIE (TITLE, SHELF, L_ID_LANG, ID_MOVIE) VALUES (N'Waking Life', 2, 1, 75);
INSERT INTO G1.dbo.MOVIE (TITLE, SHELF, L_ID_LANG, ID_MOVIE) VALUES (N'Elf', 2, 4, 76);
INSERT INTO G1.dbo.MOVIE (TITLE, SHELF, L_ID_LANG, ID_MOVIE) VALUES (N'Soylent Green', 2, 6, 77);
INSERT INTO G1.dbo.MOVIE (TITLE, SHELF, L_ID_LANG, ID_MOVIE) VALUES (N'2 Fast 2 Furious', 2, 3, 78);
INSERT INTO G1.dbo.MOVIE (TITLE, SHELF, L_ID_LANG, ID_MOVIE) VALUES (N'Finding Nemo', 2, 4, 79);
INSERT INTO G1.dbo.MOVIE (TITLE, SHELF, L_ID_LANG, ID_MOVIE) VALUES (N'Robin Williams: Live on B', 2, 3, 80);
INSERT INTO G1.dbo.MOVIE (TITLE, SHELF, L_ID_LANG, ID_MOVIE) VALUES (N'Jurassic Park', 2, 4, 81);
INSERT INTO G1.dbo.MOVIE (TITLE, SHELF, L_ID_LANG, ID_MOVIE) VALUES (N'Monsters Inc', 2, 5, 82);
INSERT INTO G1.dbo.MOVIE (TITLE, SHELF, L_ID_LANG, ID_MOVIE) VALUES (N'Aliens', 2, 5, 83);
INSERT INTO G1.dbo.MOVIE (TITLE, SHELF, L_ID_LANG, ID_MOVIE) VALUES (N'Cheerleader Massacre 2003', 2, 5, 84);
INSERT INTO G1.dbo.MOVIE (TITLE, SHELF, L_ID_LANG, ID_MOVIE) VALUES (N'Pollock', 2, 1, 85);
INSERT INTO G1.dbo.MOVIE (TITLE, SHELF, L_ID_LANG, ID_MOVIE) VALUES (N'Orange County', 2, 2, 86);
INSERT INTO G1.dbo.MOVIE (TITLE, SHELF, L_ID_LANG, ID_MOVIE) VALUES (N'A Clockwork Orange', 2, 5, 87);
INSERT INTO G1.dbo.MOVIE (TITLE, SHELF, L_ID_LANG, ID_MOVIE) VALUES (N'Tomcats', 2, 4, 88);
INSERT INTO G1.dbo.MOVIE (TITLE, SHELF, L_ID_LANG, ID_MOVIE) VALUES (N'Boiler Room', 2, 3, 89);
INSERT INTO G1.dbo.MOVIE (TITLE, SHELF, L_ID_LANG, ID_MOVIE) VALUES (N'Contact', 2, 6, 90);
INSERT INTO G1.dbo.MOVIE (TITLE, SHELF, L_ID_LANG, ID_MOVIE) VALUES (N'E.T.', 2, 1, 91);
INSERT INTO G1.dbo.MOVIE (TITLE, SHELF, L_ID_LANG, ID_MOVIE) VALUES (N'Exit Wounds', 2, 4, 92);
INSERT INTO G1.dbo.MOVIE (TITLE, SHELF, L_ID_LANG, ID_MOVIE) VALUES (N'Farenheight 451', 2, 2, 93);
INSERT INTO G1.dbo.MOVIE (TITLE, SHELF, L_ID_LANG, ID_MOVIE) VALUES (N'Equillibrium', 2, 5, 94);
INSERT INTO G1.dbo.MOVIE (TITLE, SHELF, L_ID_LANG, ID_MOVIE) VALUES (N'Fear and Loathing in Las ', 2, 4, 95);
INSERT INTO G1.dbo.MOVIE (TITLE, SHELF, L_ID_LANG, ID_MOVIE) VALUES (N'The Hunt for Red October', 2, 2, 96);
INSERT INTO G1.dbo.MOVIE (TITLE, SHELF, L_ID_LANG, ID_MOVIE) VALUES (N'American Beauty', 2, 5, 97);
INSERT INTO G1.dbo.MOVIE (TITLE, SHELF, L_ID_LANG, ID_MOVIE) VALUES (N'Armageddon', 2, 5, 98);
INSERT INTO G1.dbo.MOVIE (TITLE, SHELF, L_ID_LANG, ID_MOVIE) VALUES (N'Hackers', 2, 5, 99);
INSERT INTO G1.dbo.MOVIE (TITLE, SHELF, L_ID_LANG, ID_MOVIE) VALUES (N'Treasure Planet', 2, 3, 100);
INSERT INTO G1.dbo.MOVIE (TITLE, SHELF, L_ID_LANG, ID_MOVIE) VALUES (N'Boogie Nights', 2, 2, 101);
INSERT INTO G1.dbo.MOVIE (TITLE, SHELF, L_ID_LANG, ID_MOVIE) VALUES (N'Mullholland Dr', 2, 1, 102);
INSERT INTO G1.dbo.MOVIE (TITLE, SHELF, L_ID_LANG, ID_MOVIE) VALUES (N'Airplane!', 2, 5, 103);
INSERT INTO G1.dbo.MOVIE (TITLE, SHELF, L_ID_LANG, ID_MOVIE) VALUES (N'Bond- The Spy Who Loved M', 2, 3, 104);
INSERT INTO G1.dbo.MOVIE (TITLE, SHELF, L_ID_LANG, ID_MOVIE) VALUES (N'Rocky', 2, 2, 105);

SET IDENTITY_INSERT dbo.MOVIE OFF;
GO


SET IDENTITY_INSERT dbo.MORDER ON;
GO


INSERT INTO G1.dbo.MORDER (M_ID_MEMBER, m_ID_movie, Date_order, ID_order) VALUES (1, 3, N'2021-05-10 00:00:00.000', 1);
INSERT INTO G1.dbo.MORDER (M_ID_MEMBER, m_ID_movie, Date_order, ID_order) VALUES (1, 2, N'2021-05-01 00:00:00.000', 2);
INSERT INTO G1.dbo.MORDER (M_ID_MEMBER, m_ID_movie, Date_order, ID_order) VALUES (2, 1, N'2021-05-05 00:00:00.000', 3);
INSERT INTO G1.dbo.MORDER (M_ID_MEMBER, m_ID_movie, Date_order, ID_order) VALUES (3, 3, N'2021-05-05 00:00:00.000', 4);
INSERT INTO G1.dbo.MORDER (M_ID_MEMBER, m_ID_movie, Date_order, ID_order) VALUES (20, 1, N'2021-05-08 00:00:00.000', 5);
INSERT INTO G1.dbo.MORDER (M_ID_MEMBER, m_ID_movie, Date_order, ID_order) VALUES (1, 2, N'2021-05-06 00:00:00.000', 6);
INSERT INTO G1.dbo.MORDER (M_ID_MEMBER, m_ID_movie, Date_order, ID_order) VALUES (1, 3, N'2021-05-04 00:00:00.000', 7);
INSERT INTO G1.dbo.MORDER (M_ID_MEMBER, m_ID_movie, Date_order, ID_order) VALUES (1, 5, N'2021-05-02 00:00:00.000', 8);
INSERT INTO G1.dbo.MORDER (M_ID_MEMBER, m_ID_movie, Date_order, ID_order) VALUES (1, 8, N'2021-04-30 00:00:00.000', 9);
INSERT INTO G1.dbo.MORDER (M_ID_MEMBER, m_ID_movie, Date_order, ID_order) VALUES (31, 13, N'2021-04-28 00:00:00.000', 10);
INSERT INTO G1.dbo.MORDER (M_ID_MEMBER, m_ID_movie, Date_order, ID_order) VALUES (22, 21, N'2021-04-26 00:00:00.000', 11);
INSERT INTO G1.dbo.MORDER (M_ID_MEMBER, m_ID_movie, Date_order, ID_order) VALUES (33, 34, N'2021-04-24 00:00:00.000', 12);
INSERT INTO G1.dbo.MORDER (M_ID_MEMBER, m_ID_movie, Date_order, ID_order) VALUES (24, 55, N'2021-04-22 00:00:00.000', 13);
INSERT INTO G1.dbo.MORDER (M_ID_MEMBER, m_ID_movie, Date_order, ID_order) VALUES (35, 89, N'2021-04-20 00:00:00.000', 14);
INSERT INTO G1.dbo.MORDER (M_ID_MEMBER, m_ID_movie, Date_order, ID_order) VALUES (56, 84, N'2021-04-18 00:00:00.000', 15);
INSERT INTO G1.dbo.MORDER (M_ID_MEMBER, m_ID_movie, Date_order, ID_order) VALUES (1, 86, N'2021-04-16 00:00:00.000', 16);
INSERT INTO G1.dbo.MORDER (M_ID_MEMBER, m_ID_movie, Date_order, ID_order) VALUES (45, 86, N'2021-04-14 00:00:00.000', 17);
INSERT INTO G1.dbo.MORDER (M_ID_MEMBER, m_ID_movie, Date_order, ID_order) VALUES (58, 88, N'2021-04-12 00:00:00.000', 18);
INSERT INTO G1.dbo.MORDER (M_ID_MEMBER, m_ID_movie, Date_order, ID_order) VALUES (34, 90, N'2021-04-10 00:00:00.000', 19);
INSERT INTO G1.dbo.MORDER (M_ID_MEMBER, m_ID_movie, Date_order, ID_order) VALUES (37, 85, N'2021-04-08 00:00:00.000', 20);
INSERT INTO G1.dbo.MORDER (M_ID_MEMBER, m_ID_movie, Date_order, ID_order) VALUES (70, 85, N'2021-04-06 00:00:00.000', 21);
INSERT INTO G1.dbo.MORDER (M_ID_MEMBER, m_ID_movie, Date_order, ID_order) VALUES (10, 84, N'2021-04-04 00:00:00.000', 22);
INSERT INTO G1.dbo.MORDER (M_ID_MEMBER, m_ID_movie, Date_order, ID_order) VALUES (2, 83, N'2021-05-10 00:00:00.000', 23);
INSERT INTO G1.dbo.MORDER (M_ID_MEMBER, m_ID_movie, Date_order, ID_order) VALUES (3, 83, N'2021-05-10 00:00:00.000', 24);
INSERT INTO G1.dbo.MORDER (M_ID_MEMBER, m_ID_movie, Date_order, ID_order) VALUES (4, 81, N'2021-05-10 00:00:00.000', 25);
INSERT INTO G1.dbo.MORDER (M_ID_MEMBER, m_ID_movie, Date_order, ID_order) VALUES (1, 79, N'2021-05-10 00:00:00.000', 26);
INSERT INTO G1.dbo.MORDER (M_ID_MEMBER, m_ID_movie, Date_order, ID_order) VALUES (4, 79, N'2021-05-10 00:00:00.000', 27);
INSERT INTO G1.dbo.MORDER (M_ID_MEMBER, m_ID_movie, Date_order, ID_order) VALUES (1, 78, N'2021-05-10 00:00:00.000', 28);
INSERT INTO G1.dbo.MORDER (M_ID_MEMBER, m_ID_movie, Date_order, ID_order) VALUES (8, 77, N'2021-05-10 00:00:00.000', 29);
INSERT INTO G1.dbo.MORDER (M_ID_MEMBER, m_ID_movie, Date_order, ID_order) VALUES (10, 77, N'2021-05-10 00:00:00.000', 30);
INSERT INTO G1.dbo.MORDER (M_ID_MEMBER, m_ID_movie, Date_order, ID_order) VALUES (22, 75, N'2021-05-10 00:00:00.000', 31);
INSERT INTO G1.dbo.MORDER (M_ID_MEMBER, m_ID_movie, Date_order, ID_order) VALUES (16, 73, N'2021-05-10 00:00:00.000', 32);
INSERT INTO G1.dbo.MORDER (M_ID_MEMBER, m_ID_movie, Date_order, ID_order) VALUES (21, 73, N'2021-05-10 00:00:00.000', 33);
INSERT INTO G1.dbo.MORDER (M_ID_MEMBER, m_ID_movie, Date_order, ID_order) VALUES (5, 72, N'2021-05-10 00:00:00.000', 34);
INSERT INTO G1.dbo.MORDER (M_ID_MEMBER, m_ID_movie, Date_order, ID_order) VALUES (30, 69, N'2021-05-10 00:00:00.000', 35);
INSERT INTO G1.dbo.MORDER (M_ID_MEMBER, m_ID_movie, Date_order, ID_order) VALUES (7, 69, N'2021-05-10 00:00:00.000', 36);
INSERT INTO G1.dbo.MORDER (M_ID_MEMBER, m_ID_movie, Date_order, ID_order) VALUES (35, 69, N'2021-05-10 00:00:00.000', 37);
INSERT INTO G1.dbo.MORDER (M_ID_MEMBER, m_ID_movie, Date_order, ID_order) VALUES (35, 69, N'2021-05-08 00:00:00.000', 38);
INSERT INTO G1.dbo.MORDER (M_ID_MEMBER, m_ID_movie, Date_order, ID_order) VALUES (25, 69, N'2021-05-06 00:00:00.000', 39);
INSERT INTO G1.dbo.MORDER (M_ID_MEMBER, m_ID_movie, Date_order, ID_order) VALUES (8, 69, N'2021-05-04 00:00:00.000', 40);
INSERT INTO G1.dbo.MORDER (M_ID_MEMBER, m_ID_movie, Date_order, ID_order) VALUES (28, 69, N'2021-05-02 00:00:00.000', 41);
INSERT INTO G1.dbo.MORDER (M_ID_MEMBER, m_ID_movie, Date_order, ID_order) VALUES (40, 68, N'2021-04-30 00:00:00.000', 42);
INSERT INTO G1.dbo.MORDER (M_ID_MEMBER, m_ID_movie, Date_order, ID_order) VALUES (5, 55, N'2021-04-28 00:00:00.000', 43);
INSERT INTO G1.dbo.MORDER (M_ID_MEMBER, m_ID_movie, Date_order, ID_order) VALUES (29, 105, N'2021-04-26 00:00:00.000', 44);
INSERT INTO G1.dbo.MORDER (M_ID_MEMBER, m_ID_movie, Date_order, ID_order) VALUES (21, 95, N'2021-04-24 00:00:00.000', 45);
INSERT INTO G1.dbo.MORDER (M_ID_MEMBER, m_ID_movie, Date_order, ID_order) VALUES (21, 85, N'2021-04-22 00:00:00.000', 46);
INSERT INTO G1.dbo.MORDER (M_ID_MEMBER, m_ID_movie, Date_order, ID_order) VALUES (43, 75, N'2021-04-20 00:00:00.000', 47);
INSERT INTO G1.dbo.MORDER (M_ID_MEMBER, m_ID_movie, Date_order, ID_order) VALUES (25, 65, N'2021-04-18 00:00:00.000', 48);
INSERT INTO G1.dbo.MORDER (M_ID_MEMBER, m_ID_movie, Date_order, ID_order) VALUES (9, 55, N'2021-04-16 00:00:00.000', 49);
INSERT INTO G1.dbo.MORDER (M_ID_MEMBER, m_ID_movie, Date_order, ID_order) VALUES (37, 45, N'2021-04-14 00:00:00.000', 50);
INSERT INTO G1.dbo.MORDER (M_ID_MEMBER, m_ID_movie, Date_order, ID_order) VALUES (15, 36, N'2021-04-12 00:00:00.000', 51);
INSERT INTO G1.dbo.MORDER (M_ID_MEMBER, m_ID_movie, Date_order, ID_order) VALUES (16, 23, N'2021-04-10 00:00:00.000', 52);
INSERT INTO G1.dbo.MORDER (M_ID_MEMBER, m_ID_movie, Date_order, ID_order) VALUES (23, 20, N'2021-04-08 00:00:00.000', 53);
INSERT INTO G1.dbo.MORDER (M_ID_MEMBER, m_ID_movie, Date_order, ID_order) VALUES (28, 10, N'2021-04-06 00:00:00.000', 54);
INSERT INTO G1.dbo.MORDER (M_ID_MEMBER, m_ID_movie, Date_order, ID_order) VALUES (28, 10, N'2021-04-04 00:00:00.000', 55);
INSERT INTO G1.dbo.MORDER (M_ID_MEMBER, m_ID_movie, Date_order, ID_order) VALUES (33, 3, N'2021-04-02 00:00:00.000', 56);

SET IDENTITY_INSERT dbo.MORDER OFF;
GO

